Player,PTS,Draft Team,Round,Pick,Draft Year,Draft College,Season,Team,G,GS,MP,FG,FGA,2P,2PA,3P,3PA,FT,FTA,ORB,DRB,TRB,AST,STL,BLK,TOV,PF,PTS.1,FG%,2P%,3P%,FT%,TS%,eFG%,Pos,Class
Malik Monk,754,CHA,1,11,2017,Kentucky,2016-17,Kentucky,38,37,32.1,6.6,14.7,3.9,7.8,2.7,6.9,3.9,4.7,0.3,2.2,2.5,2.3,0.9,0.5,2.0,1.9,19.8,0.45,0.497,0.397,0.822,0.586,0.543,G,FR
Frank Mason,753,SAC,2,34,2017,Kansas,2016-17,Kansas,36,36,36.1,6.7,13.7,4.4,8.8,2.3,4.8,5.3,6.6,0.6,3.6,4.2,5.2,1.3,0.1,2.4,2.0,20.9,0.49,0.5,0.471,0.794,0.622,0.573,G,SR
Justin Jackson,731,POR,1,15,2017,North Carolina,2016-17,North Carolina,40,39,32.0,6.6,14.9,4.0,7.8,2.6,7.1,2.5,3.3,1.5,3.2,4.7,2.8,0.8,0.2,1.7,1.4,18.3,0.443,0.51,0.37,0.748,0.555,0.531,F,JR
Luke Kennard,722,DET,1,12,2017,Duke,2016-17,Duke,37,36,35.5,6.4,13.1,4.0,7.7,2.4,5.4,4.3,5.1,1.2,3.9,5.1,2.5,0.8,0.4,1.6,2.2,19.5,0.489,0.525,0.438,0.856,0.629,0.579,G,SO
Josh Hart,673,UTA,1,30,2017,Villanova,2016-17,Villanova,36,35,33.1,6.6,12.9,4.5,7.8,2.1,5.1,3.5,4.7,1.4,5.0,6.4,2.9,1.6,0.3,2.0,2.3,18.7,0.51,0.579,0.404,0.747,0.619,0.59,G,SR
Alec Peters,666,PHO,2,54,2017,Valparaiso,2016-17,Valparaiso,29,29,35.1,7.5,16.1,5.5,10.6,2.0,5.5,5.9,6.7,2.6,7.6,10.1,2.2,0.8,0.4,2.4,2.2,23.0,0.466,0.519,0.363,0.887,0.594,0.528,F,SR
Semi Ojeleye,665,BOS,2,37,2017,SMU,2016-17,SMU,35,35,34.1,6.0,12.3,3.9,7.4,2.1,4.9,4.9,6.3,2.3,4.6,6.9,1.5,0.4,0.4,1.4,1.8,19.0,0.487,0.529,0.424,0.785,0.621,0.572,F,JR
Sindarius Thornwell,663,MIL,2,48,2017,South Carolina,2016-17,South Carolina,31,31,33.9,6.3,14.2,4.4,9.4,1.9,4.8,6.9,8.4,2.5,4.6,7.1,2.8,2.1,1.0,2.5,2.3,21.4,0.444,0.471,0.392,0.83,0.59,0.51,G,SR
Caleb Swanigan,646,POR,1,26,2017,Purdue,2016-17,Purdue,35,35,32.5,6.3,12.0,5.3,9.6,1.1,2.4,4.7,6.0,2.7,9.7,12.5,3.1,0.4,0.8,3.4,2.8,18.5,0.527,0.548,0.447,0.781,0.62,0.572,F,SO
Nigel Williams-Goss,640,UTA,2,55,2017,Gonzaga,2016-17,Gonzaga,38,38,32.8,5.8,11.9,4.7,8.8,1.1,3.1,4.1,4.8,0.6,5.4,6.0,4.7,1.7,0.1,2.1,1.6,16.8,0.486,0.527,0.368,0.867,0.594,0.533,G,JR
John Collins,632,ATL,1,19,2017,Wake Forest,2016-17,Wake Forest,33,33,26.6,7.1,11.4,7.1,11.4,0.0,0.0,5.0,6.7,3.8,6.1,9.8,0.5,0.6,1.6,1.8,3.0,19.2,0.622,0.624,0.0,0.745,0.658,0.622,F,SO
Derrick White,615,SAS,1,29,2017,Colorado,2016-17,Colorado,34,32,32.8,6.0,11.9,4.4,7.6,1.7,4.2,4.4,5.4,1.0,3.1,4.1,4.4,1.2,1.4,2.4,2.1,18.1,0.507,0.569,0.396,0.813,0.627,0.578,G,SR
Jawun Evans,613,PHI,2,39,2017,Oklahoma State,2016-17,Oklahoma State,32,32,29.3,6.6,15.1,5.5,12.1,1.1,3.0,4.8,6.0,0.8,2.7,3.4,6.4,1.8,0.1,2.8,2.3,19.2,0.438,0.452,0.379,0.812,0.535,0.475,G,SO
Dwayne Bacon,603,NOH,2,40,2017,Florida State,2016-17,Florida State,35,35,28.8,6.3,14.0,4.7,9.1,1.6,4.9,3.0,3.9,1.0,3.2,4.2,1.7,1.0,0.1,2.0,1.6,17.2,0.452,0.516,0.333,0.754,0.544,0.51,G,SO
De'Aaron Fox,601,SAC,1,5,2017,Kentucky,2016-17,Kentucky,36,34,29.6,5.9,12.4,5.5,10.5,0.5,1.9,4.3,5.9,0.6,3.4,4.0,4.6,1.5,0.2,2.4,2.5,16.7,0.479,0.521,0.246,0.736,0.549,0.498,G,FR
Jaron Blossomgame,584,SAS,2,59,2017,Clemson,2016-17,Clemson,33,33,34.3,6.7,13.4,5.9,10.5,0.7,2.8,3.6,5.1,1.8,4.5,6.3,1.5,0.8,0.9,1.7,1.6,17.7,0.499,0.565,0.255,0.714,0.561,0.526,F,SR
Dennis Smith Jr.,580,DAL,1,9,2017,NC State,2016-17,NC State,32,32,34.8,6.0,13.1,4.3,8.3,1.7,4.8,4.5,6.3,0.8,3.8,4.6,6.2,1.9,0.4,3.4,2.1,18.1,0.455,0.509,0.359,0.715,0.563,0.52,G,FR
Markelle Fultz,579,PHI,1,1,2017,Washington,2016-17,Washington,25,25,35.7,8.4,17.6,6.3,12.5,2.1,5.0,4.4,6.7,1.3,4.4,5.7,5.9,1.6,1.2,3.2,2.5,23.2,0.476,0.502,0.413,0.649,0.558,0.535,G,FR
Lauri Markkanen,576,MIN,1,7,2017,Arizona,2016-17,Arizona,37,37,30.8,5.0,10.2,3.1,5.8,1.9,4.4,3.7,4.4,2.4,4.8,7.2,0.9,0.4,0.5,1.1,2.0,15.6,0.492,0.545,0.423,0.835,0.635,0.584,F,FR
Monte Morris,575,DEN,2,51,2017,Iowa State,2016-17,Iowa State,35,35,35.3,6.2,13.3,4.6,9.2,1.5,4.1,2.5,3.2,1.1,3.7,4.8,6.2,1.5,0.3,1.2,1.5,16.4,0.465,0.503,0.378,0.802,0.555,0.523,G,SR
Josh Jackson,572,PHO,1,4,2017,Kansas,2016-17,Kansas,35,35,30.8,6.3,12.3,5.3,9.7,1.0,2.6,2.8,4.9,2.3,5.1,7.4,3.0,1.7,1.1,2.8,3.0,16.3,0.513,0.549,0.378,0.566,0.559,0.552,G,FR
Tyler Dorsey,571,ATL,2,41,2017,Oregon,2016-17,Oregon,39,39,30.0,4.8,10.4,2.6,5.1,2.3,5.3,2.7,3.6,0.8,2.6,3.5,1.7,0.8,0.1,1.5,1.5,14.6,0.467,0.513,0.423,0.755,0.606,0.575,G,SO
TJ Leaf,569,IND,1,18,2017,UCLA,2016-17,UCLA,35,35,29.9,6.7,10.9,5.9,9.2,0.8,1.7,2.1,3.0,2.2,6.0,8.2,2.4,0.6,1.1,1.5,2.5,16.3,0.617,0.644,0.466,0.679,0.66,0.652,F,FR
Dillon Brooks,564,HOU,2,45,2017,Oregon,2016-17,Oregon,35,27,25.3,5.9,12.1,4.3,8.0,1.6,4.1,2.7,3.6,1.0,2.2,3.2,2.7,1.1,0.5,2.1,2.8,16.1,0.488,0.532,0.401,0.754,0.585,0.556,F,JR
Damyean Dotson,556,NYK,2,44,2017,Oregon,2016-17,Houston,32,32,34.3,6.3,13.4,2.9,5.8,3.4,7.6,1.4,1.7,1.5,5.4,6.9,1.1,0.9,0.2,1.0,1.7,17.4,0.47,0.505,0.443,0.83,0.611,0.595,G,SR
Donovan Mitchell,529,DEN,1,13,2017,Louisville,2016-17,Louisville,34,33,32.3,5.3,13.1,3.0,6.4,2.4,6.6,2.6,3.2,1.1,3.8,4.9,2.7,2.1,0.5,1.6,2.6,15.6,0.408,0.463,0.354,0.806,0.534,0.498,G,SO
Lonzo Ball,524,LAL,1,2,2017,UCLA,2016-17,UCLA,36,36,35.1,5.3,9.5,3.0,4.1,2.2,5.4,1.8,2.7,0.9,5.1,6.0,7.6,1.8,0.8,2.5,1.8,14.6,0.551,0.732,0.412,0.673,0.673,0.668,G,FR
Bam Adebayo,494,MIA,1,14,2017,Kentucky,2016-17,Kentucky,38,38,30.1,4.5,7.5,4.5,7.5,0.0,0.0,4.1,6.2,3.1,4.9,8.0,0.8,0.7,1.5,1.7,2.6,13.0,0.599,0.599,,0.653,0.624,0.599,F,FR
Davon Reed,491,PHO,2,32,2017,Miami (FL),2016-17,Miami (FL),33,33,35.3,4.9,11.3,2.5,5.2,2.4,6.0,2.7,3.3,0.8,3.9,4.8,2.4,1.3,0.5,2.0,1.6,14.9,0.433,0.474,0.397,0.833,0.58,0.539,G,SR
Jayson Tatum,488,BOS,1,3,2017,Duke,2016-17,Duke,29,27,33.3,5.7,12.6,4.3,8.6,1.4,4.0,4.1,4.8,1.3,6.0,7.3,2.1,1.3,1.1,2.6,3.0,16.8,0.452,0.504,0.342,0.849,0.566,0.507,F,FR
Kyle Kuzma,476,NJN,1,27,2017,Utah,2016-17,Utah,29,29,30.8,6.3,12.4,5.3,9.6,0.9,2.9,2.9,4.4,2.8,6.6,9.3,2.4,0.6,0.5,2.1,1.6,16.4,0.504,0.56,0.321,0.669,0.565,0.542,F,JR
Sterling Brown,470,PHI,2,46,2017,SMU,2016-17,SMU,35,34,32.7,4.6,10.0,2.9,6.1,1.7,3.9,2.5,3.1,1.6,4.9,6.5,3.0,1.4,0.5,2.0,2.6,13.4,0.459,0.465,0.449,0.791,0.583,0.546,G,SR
Wesley Iwundu,456,ORL,2,33,2017,Kansas State,2016-17,Kansas State,35,35,31.4,4.3,9.0,3.4,6.5,0.9,2.4,3.5,4.5,1.0,5.3,6.3,3.5,1.0,0.3,2.3,1.8,13.0,0.481,0.52,0.376,0.767,0.585,0.532,F,SR
Justin Patton,453,CHI,1,16,2017,Creighton,2016-17,Creighton,35,34,25.3,5.7,8.5,5.5,8.0,0.2,0.4,1.3,2.5,1.7,4.5,6.2,1.2,0.9,1.4,1.7,2.7,12.9,0.676,0.683,0.533,0.517,0.671,0.689,C,FR
Tyler Lydon,448,UTA,1,24,2017,Syracuse,2016-17,Syracuse,34,34,36.1,4.4,9.4,3.0,5.7,1.4,3.6,2.9,3.4,2.3,6.3,8.6,2.1,1.0,1.4,1.7,2.5,13.2,0.473,0.523,0.395,0.836,0.599,0.55,F,SO
Jarrett Allen,442,NJN,1,22,2017,Texas,2016-17,Texas,33,33,32.2,5.4,9.6,5.4,9.4,0.0,0.2,2.5,4.5,3.0,5.4,8.4,0.8,0.6,1.5,2.5,2.1,13.4,0.566,0.579,0.0,0.564,0.571,0.566,F,FR
Ivan Rabb,434,ORL,2,35,2017,California,2016-17,California,31,30,32.6,4.9,10.1,4.6,9.4,0.3,0.6,4.0,6.0,3.0,7.4,10.5,1.5,0.7,1.0,2.2,3.1,14.0,0.484,0.49,0.4,0.663,0.541,0.497,F,SO
Jordan Bell,427,CHI,2,38,2017,Oregon,2016-17,Oregon,39,38,28.8,4.4,6.9,4.3,6.5,0.1,0.4,2.1,3.0,2.9,5.9,8.8,1.8,1.3,2.3,1.9,1.7,10.9,0.636,0.659,0.214,0.701,0.658,0.641,F,JR
Thomas Bryant,427,UTA,2,42,2017,Indiana,2016-17,Indiana,34,34,28.1,4.4,8.4,3.7,6.6,0.7,1.8,3.2,4.4,2.2,4.4,6.6,1.5,0.8,1.5,2.3,3.1,12.6,0.519,0.556,0.383,0.73,0.601,0.56,C,SO
D.J. Wilson,419,MIL,1,17,2017,Michigan,2016-17,Michigan,38,36,30.4,4.3,8.0,3.2,5.1,1.1,2.9,1.3,1.6,1.5,3.8,5.3,1.3,0.5,1.5,1.1,1.9,11.0,0.538,0.631,0.373,0.833,0.628,0.605,F,JR
Frank Jackson,394,CHA,2,31,2017,Duke,2016-17,Duke,36,16,24.9,3.7,7.8,2.3,4.2,1.4,3.6,2.1,2.8,0.6,1.9,2.5,1.7,0.6,0.1,1.4,2.4,10.9,0.473,0.539,0.395,0.755,0.598,0.564,G,FR
Zach Collins,390,SAC,1,10,2017,Gonzaga,2016-17,Gonzaga,39,0,17.3,3.5,5.3,3.2,4.8,0.3,0.5,2.8,3.8,1.7,4.2,5.9,0.4,0.5,1.8,1.5,2.7,10.0,0.652,0.672,0.476,0.743,0.703,0.676,F,FR
Jabari Bird,387,BOS,2,56,2017,California,2016-17,California,27,25,32.0,5.2,11.8,2.8,5.2,2.4,6.6,1.6,2.0,1.0,3.7,4.7,1.0,0.7,0.2,1.9,1.9,14.3,0.44,0.536,0.365,0.764,0.562,0.542,G,SR
Jonathan Isaac,383,ORL,1,6,2017,Florida State,2016-17,Florida State,32,32,26.2,4.1,8.0,3.1,5.2,1.0,2.8,2.9,3.7,1.8,6.1,7.8,1.2,1.2,1.5,1.5,2.2,12.0,0.508,0.593,0.348,0.78,0.614,0.568,F,FR
Kadeem Allen,332,BOS,2,53,2017,Arizona,2016-17,Arizona,34,33,30.0,3.1,6.9,2.2,4.7,0.9,2.2,2.5,3.4,0.4,3.7,4.0,3.0,1.6,0.6,1.9,2.4,9.8,0.453,0.466,0.427,0.741,0.57,0.521,G,SR
Edmond Sumner,314,NOH,2,52,2017,Xavier,2016-17,Xavier,21,20,33.1,4.8,10.0,4.2,8.0,0.6,2.1,4.8,6.5,0.5,3.8,4.3,5.0,1.3,0.8,2.8,2.4,15.0,0.479,0.533,0.273,0.735,0.57,0.507,G,SO
Tony Bradley,269,LAL,1,28,2017,North Carolina,2016-17,North Carolina,38,0,14.6,2.7,4.7,2.7,4.7,0.0,0.0,1.7,2.8,2.6,2.6,5.1,0.6,0.3,0.6,0.7,1.8,7.1,0.573,0.573,,0.619,0.59,0.573,F,FR
OG Anunoby,177,TOR,1,23,2017,Indiana,2016-17,Indiana,16,10,25.1,4.3,7.6,3.4,4.8,0.9,2.8,1.7,3.0,1.8,3.7,5.4,1.4,1.3,1.3,1.6,2.1,11.1,0.557,0.701,0.311,0.563,0.611,0.615,F,SO
Ike Anigbogu,137,IND,2,47,2017,UCLA,2016-17,UCLA,29,0,13.0,2.0,3.5,2.0,3.5,0.0,0.0,0.8,1.5,1.4,2.6,4.0,0.2,0.2,1.2,0.8,2.5,4.7,0.564,0.564,,0.535,0.564,0.564,F,FR
Harry Giles,102,POR,1,20,2017,Duke,2016-17,Duke,26,6,11.5,1.7,3.0,1.7,3.0,0.0,0.0,0.5,0.9,1.6,2.3,3.8,0.3,0.3,0.7,0.7,2.2,3.9,0.577,0.577,,0.5,0.57,0.577,F,FR
Trae Young,876,DAL,1,5,2018,Oklahoma,2017-18,Oklahoma,32,32,35.4,8.2,19.3,4.5,9.1,3.7,10.3,7.4,8.6,0.4,3.5,3.9,8.7,1.7,0.3,5.2,1.8,27.4,0.422,0.493,0.36,0.861,0.585,0.518,G,FR
Jalen Brunson,756,DAL,2,33,2018,Villanova,2017-18,Villanova,40,40,31.8,6.8,13.0,4.6,7.7,2.2,5.3,3.3,4.1,0.3,2.8,3.1,4.6,0.9,0.0,1.8,2.0,18.9,0.521,0.599,0.408,0.802,0.635,0.604,G,JR
Jerome Robinson,725,LAC,1,13,2018,Boston College,2017-18,Boston College,35,35,36.0,7.1,14.7,4.8,9.0,2.3,5.7,4.2,5.0,0.5,3.1,3.6,3.3,0.9,0.1,2.7,2.5,20.7,0.485,0.533,0.409,0.83,0.608,0.564,F,JR
Tony Carr,725,NOH,2,51,2018,Penn State,2017-18,Penn State,37,37,35.4,6.6,16.2,4.2,10.7,2.4,5.5,4.0,5.0,0.9,4.1,4.9,5.0,0.8,0.3,2.3,1.8,19.6,0.408,0.395,0.433,0.799,0.527,0.482,G,SO
Mikal Bridges,706,PHI,1,10,2018,Villanova,2017-18,Villanova,40,40,32.1,6.1,11.9,3.5,5.9,2.6,6.0,2.9,3.4,1.4,4.0,5.3,1.9,1.5,1.1,1.4,2.2,17.7,0.514,0.593,0.435,0.851,0.655,0.623,F,JR
Deandre Ayton,704,PHO,1,1,2018,Arizona,2017-18,Arizona,35,35,33.5,7.9,12.9,7.5,11.9,0.3,1.0,4.0,5.5,3.4,8.2,11.6,1.6,0.6,1.9,2.0,2.3,20.1,0.612,0.635,0.343,0.733,0.65,0.625,F,FR
Marvin Bagley III,694,SAC,1,2,2018,Duke,2017-18,Duke,33,32,33.9,8.2,13.3,7.5,11.6,0.7,1.8,4.0,6.3,4.0,7.1,11.1,1.5,0.8,0.9,2.3,1.8,21.0,0.614,0.647,0.397,0.627,0.643,0.64,F,FR
Kevin Hervey,676,OKC,2,57,2018,UT Arlington,2017-18,UT Arlington,33,25,32.2,7.4,16.5,5.0,9.6,2.3,6.9,3.4,4.2,2.3,6.2,8.5,2.2,1.2,0.6,2.7,1.8,20.5,0.446,0.522,0.339,0.807,0.553,0.517,F,SR
Devonte' Graham,675,ATL,2,34,2018,Kansas,2017-18,Kansas,39,39,37.8,5.1,12.8,2.3,5.8,2.8,6.9,4.3,5.2,0.6,3.4,4.0,7.2,1.6,0.1,2.8,1.4,17.3,0.4,0.392,0.406,0.827,0.568,0.51,G,SR
Keita Bates-Diop,672,MIN,2,48,2018,Ohio State,2017-18,Ohio State,34,34,33.1,7.3,15.1,5.3,9.7,1.9,5.4,3.3,4.1,1.5,7.2,8.7,1.6,0.9,1.6,1.8,1.7,19.8,0.48,0.547,0.359,0.794,0.577,0.544,F,JR
Aaron Holiday,671,IND,1,23,2018,UCLA,2017-18,UCLA,33,33,37.7,6.4,13.9,3.8,7.7,2.7,6.2,4.8,5.8,0.5,3.2,3.7,5.8,1.3,0.2,3.8,2.6,20.3,0.461,0.486,0.429,0.828,0.609,0.557,G,JR
Jevon Carter,640,MEM,2,32,2018,West Virginia,2017-18,West Virginia,37,37,35.5,5.8,13.8,3.7,8.5,2.1,5.3,3.6,4.2,0.8,3.9,4.6,6.6,3.0,0.4,2.6,3.0,17.3,0.422,0.441,0.393,0.858,0.549,0.498,G,SR
Collin Sexton,632,CLE,1,8,2018,Alabama,2017-18,Alabama,33,32,29.9,5.9,13.3,4.6,9.3,1.3,4.0,5.9,7.6,1.0,2.7,3.8,3.6,0.8,0.1,2.8,2.5,19.2,0.447,0.495,0.336,0.778,0.567,0.498,G,FR
Chandler Hutchison,619,CHI,1,22,2018,Boise State,2017-18,Boise State,31,31,31.0,6.6,13.9,5.1,9.8,1.5,4.1,5.3,7.2,0.9,6.8,7.7,3.5,1.5,0.3,3.4,2.4,20.0,0.475,0.523,0.359,0.728,0.575,0.528,G,SR
Miles Bridges,582,LAC,1,12,2018,Michigan State,2017-18,Michigan State,34,33,31.4,6.1,13.4,4.1,7.7,2.1,5.7,2.7,3.2,1.3,5.7,7.0,2.7,0.6,0.8,2.0,1.6,17.1,0.457,0.527,0.364,0.853,0.572,0.535,F,SO
Kevin Knox,576,NYK,1,9,2018,Kentucky,2017-18,Kentucky,37,37,32.4,5.3,11.9,3.8,7.4,1.5,4.5,3.4,4.4,0.9,4.5,5.4,1.4,0.8,0.3,2.3,2.2,15.6,0.445,0.509,0.341,0.774,0.556,0.51,F,FR
Grayson Allen,572,UTA,1,21,2018,Duke,2017-18,Duke,37,37,35.6,4.9,11.7,2.1,4.2,2.8,7.5,2.9,3.4,0.5,2.8,3.3,4.6,1.7,0.1,2.1,2.1,15.5,0.418,0.503,0.37,0.85,0.58,0.536,G,SR
Moritz Wagner,570,LAL,1,25,2018,Michigan,2017-18,Michigan,39,39,27.6,5.5,10.5,3.9,6.4,1.6,4.1,1.9,2.8,1.5,5.7,7.1,0.8,1.0,0.5,1.4,3.1,14.6,0.528,0.614,0.394,0.694,0.619,0.605,F,JR
Sviatoslav Mykhailiuk,570,LAL,2,47,2018,Kansas,2017-18,Kansas,39,39,34.5,5.3,12.1,2.3,5.5,2.9,6.6,1.2,1.4,1.1,2.8,3.9,2.7,1.2,0.3,1.7,2.5,14.6,0.434,0.423,0.444,0.804,0.572,0.556,G,SR
Donte DiVincenzo,537,MIL,1,17,2018,Villanova,2017-18,Villanova,40,10,29.3,4.7,9.8,2.6,4.5,2.1,5.3,1.9,2.7,1.2,3.6,4.8,3.5,1.1,0.2,2.0,2.1,13.4,0.481,0.575,0.401,0.71,0.608,0.59,G,SO
Gary Trent Jr.,536,SAC,2,37,2018,Duke,2017-18,Duke,37,37,33.9,4.8,11.5,2.2,5.0,2.6,6.5,2.3,2.6,0.8,3.4,4.2,1.4,1.2,0.1,1.0,1.7,14.5,0.415,0.43,0.402,0.876,0.567,0.528,G,FR
Chimezie Metu,533,SAS,2,49,2018,Southern California,2017-18,Southern California,34,33,31.0,6.0,11.5,5.7,10.4,0.4,1.2,3.3,4.5,1.9,5.6,7.4,1.6,0.8,1.7,2.0,2.6,15.7,0.523,0.548,0.3,0.73,0.574,0.538,F,JR
Shai Gilgeous-Alexander,532,CHA,1,11,2018,Kentucky,2017-18,Kentucky,37,24,33.7,4.9,10.2,4.3,8.6,0.6,1.5,3.9,4.7,0.9,3.2,4.1,5.1,1.6,0.5,2.7,1.7,14.4,0.485,0.5,0.404,0.817,0.578,0.516,G,FR
Vince Edwards,511,UTA,2,52,2018,Purdue,2017-18,Purdue,35,35,31.6,5.1,10.8,3.7,7.1,1.5,3.7,2.9,3.4,2.0,5.4,7.4,2.9,0.5,0.6,2.0,1.8,14.6,0.476,0.516,0.398,0.833,0.587,0.544,F,SR
Wendell Carter Jr.,501,CHI,1,7,2018,Duke,2017-18,Duke,37,37,26.9,4.8,8.6,4.3,7.4,0.5,1.2,3.4,4.5,2.9,6.1,9.1,2.0,0.8,2.1,2.0,2.8,13.5,0.561,0.586,0.413,0.738,0.628,0.591,F,FR
Khyri Thomas,497,PHI,2,38,2018,Creighton,2017-18,Creighton,33,33,31.7,5.6,10.4,3.7,5.8,1.9,4.6,2.0,2.6,1.1,3.3,4.4,2.8,1.7,0.2,1.8,1.9,15.1,0.538,0.639,0.411,0.788,0.65,0.629,G,JR
Alize Johnson,495,IND,2,50,2018,Missouri State,2017-18,Missouri State,33,33,31.2,5.2,12.1,4.0,7.7,1.2,4.4,3.3,4.4,3.2,8.5,11.6,2.8,0.5,0.4,2.2,2.1,15.0,0.43,0.516,0.281,0.759,0.528,0.481,F,SR
Landry Shamet,477,PHI,1,26,2018,Wichita State,2017-18,Wichita State,32,32,31.7,4.8,9.8,2.2,3.9,2.6,5.9,2.7,3.2,0.4,2.8,3.2,5.2,0.7,0.2,2.1,1.9,14.9,0.489,0.56,0.442,0.825,0.655,0.622,G,SO
Melvin Frazier,477,ORL,2,35,2018,Tulane,2017-18,Tulane,30,30,34.4,6.0,10.7,4.8,7.7,1.2,3.0,2.8,3.9,1.2,4.4,5.6,2.9,2.2,0.7,2.6,2.0,15.9,0.556,0.623,0.385,0.712,0.631,0.61,G,JR
Kevin Huerter,472,ATL,1,19,2018,Maryland,2017-18,Maryland,32,32,34.4,5.1,10.1,2.8,4.6,2.3,5.5,2.3,3.1,1.0,4.1,5.0,3.4,0.6,0.7,2.5,2.4,14.8,0.503,0.605,0.417,0.758,0.64,0.616,G,SO
Jacob Evans,468,GSW,1,28,2018,Cincinnati,2017-18,Cincinnati,36,36,30.8,4.5,10.5,2.8,6.0,1.7,4.5,2.4,3.2,1.4,3.3,4.7,3.1,1.3,1.0,1.8,2.0,13.0,0.427,0.47,0.37,0.754,0.543,0.507,G,JR
Raymond Spalding,444,PHI,2,56,2018,Louisville,2017-18,Louisville,36,34,27.6,5.1,9.4,4.9,8.8,0.1,0.5,2.0,3.2,3.1,5.5,8.7,1.3,1.5,1.7,1.7,3.0,12.3,0.543,0.56,0.263,0.64,0.568,0.55,F,JR
Josh Okogie,437,MIN,1,20,2018,Georgia Tech,2017-18,Georgia Tech,24,24,36.4,5.5,13.3,4.0,9.2,1.6,4.2,5.5,6.8,2.3,4.0,6.3,2.5,1.8,1.0,2.5,2.9,18.2,0.416,0.432,0.38,0.821,0.55,0.475,G,SO
Omari Spellman,434,ATL,1,30,2018,Villanova,2017-18,Villanova,40,39,28.1,4.0,8.4,2.4,4.7,1.6,3.8,1.2,1.8,2.3,5.8,8.0,0.8,0.7,1.5,1.0,2.3,10.9,0.476,0.511,0.433,0.7,0.588,0.573,F,FR
Thomas Welsh,417,DEN,2,58,2018,UCLA,2017-18,UCLA,33,33,33.2,4.9,10.1,3.5,6.7,1.4,3.4,1.5,1.8,2.6,8.2,10.8,1.4,0.7,0.9,1.0,2.4,12.6,0.485,0.527,0.402,0.828,0.577,0.552,C,SR
Zhaire Smith,417,PHO,1,16,2018,Texas Tech,2017-18,Texas Tech,37,21,28.4,4.2,7.5,3.7,6.4,0.5,1.1,2.5,3.4,2.2,2.8,5.0,1.8,1.1,1.1,1.1,1.8,11.3,0.556,0.574,0.45,0.717,0.618,0.588,G,FR
George King,414,PHO,2,59,2018,Colorado,2017-18,Colorado,32,31,28.5,4.4,10.0,2.5,5.1,1.9,4.9,2.1,2.7,1.8,6.1,7.8,1.1,0.5,0.7,2.0,2.4,12.9,0.445,0.494,0.395,0.782,0.574,0.542,G,SR
Devon Hall,397,OKC,2,53,2018,Virginia,2017-18,Virginia,34,34,32.1,3.9,8.6,2.2,4.7,1.7,3.9,2.2,2.5,0.4,3.9,4.2,3.1,0.9,0.1,1.0,1.4,11.7,0.454,0.472,0.432,0.894,0.599,0.552,G,SR
Shake Milton,396,DAL,2,54,2018,SMU,2017-18,SMU,22,22,36.4,5.6,12.5,3.0,6.6,2.5,5.9,4.3,5.0,0.6,4.0,4.7,4.4,1.4,0.6,2.3,1.7,18.0,0.449,0.462,0.434,0.847,0.606,0.551,G,JR
Troy Brown,396,WAS,1,15,2018,Oregon,2017-18,Oregon,35,35,31.2,4.1,9.2,3.2,6.1,0.9,3.1,2.2,3.0,1.5,4.7,6.2,3.2,1.6,0.2,2.5,2.2,11.3,0.444,0.524,0.291,0.743,0.532,0.494,F,FR
Mohamed Bamba,387,ORL,1,6,2018,Texas,2017-18,Texas,30,29,30.2,4.9,9.0,4.4,7.3,0.5,1.7,2.7,4.0,3.2,7.3,10.5,0.5,0.8,3.7,1.5,2.5,12.9,0.541,0.603,0.275,0.681,0.593,0.567,F,FR
Jaren Jackson Jr.,382,MEM,1,4,2018,Michigan State,2017-18,Michigan State,35,34,21.8,3.4,6.6,2.3,3.9,1.1,2.7,3.0,3.8,1.5,4.3,5.8,1.1,0.6,3.0,1.8,3.2,10.9,0.513,0.596,0.396,0.797,0.647,0.595,F,FR
Hamidou Diallo,371,NJN,2,45,2018,Kentucky,2017-18,Kentucky,37,37,24.8,3.6,8.5,2.9,6.4,0.7,2.1,2.1,3.4,0.9,2.8,3.6,1.2,0.8,0.4,1.4,2.6,10.0,0.428,0.458,0.338,0.616,0.498,0.47,G,FR
Lonnie Walker,368,SAS,1,18,2018,Miami (FL),2017-18,Miami (FL),32,18,27.8,4.1,9.9,2.4,4.9,1.8,5.1,1.5,2.0,0.4,2.2,2.6,1.9,0.9,0.5,1.2,1.6,11.5,0.415,0.487,0.346,0.738,0.527,0.503,G,FR
Robert Williams,311,BOS,1,27,2018,Texas A&M,2017-18,Texas A&M,30,23,25.6,4.6,7.3,4.6,6.9,0.0,0.4,1.1,2.3,2.4,6.9,9.2,1.4,0.8,2.6,1.7,2.2,10.4,0.632,0.668,0.0,0.471,0.614,0.632,F,SO
De'Anthony Melton,300,HOU,2,46,2018,Southern California,2016-17,Southern California,36,25,27.0,2.8,6.4,2.2,4.4,0.6,2.1,2.1,3.0,1.4,3.3,4.7,3.5,1.9,1.0,1.8,2.3,8.3,0.437,0.51,0.284,0.706,0.53,0.483,G,FR
Bruce Brown,216,DET,2,42,2018,Miami (FL),2017-18,Miami (FL),19,19,33.7,4.1,9.9,3.3,6.7,0.8,3.2,2.3,3.7,1.3,5.8,7.1,4.0,1.3,0.8,2.3,2.3,11.4,0.415,0.484,0.267,0.629,0.488,0.457,G,SO
Kostas Antetokounmpo,151,PHI,2,60,2018,Dayton,2017-18,Dayton,29,6,15.1,2.0,3.5,1.9,3.0,0.1,0.5,1.1,2.2,0.8,2.0,2.9,0.4,0.2,1.1,1.3,2.3,5.2,0.574,0.651,0.133,0.516,0.575,0.584,F,FR
Justin Jackson,108,DEN,2,43,2018,Maryland,2017-18,Maryland,11,10,29.2,3.4,9.2,2.5,5.5,0.9,3.6,2.2,2.6,2.5,5.6,8.1,1.9,0.8,0.8,2.9,1.4,9.8,0.366,0.443,0.25,0.828,0.47,0.416,F,SO
Jarred Vanderbilt,82,ORL,2,41,2018,Kentucky,2017-18,Kentucky,14,0,17.0,2.1,4.9,2.1,4.8,0.0,0.1,1.7,2.7,3.3,4.6,7.9,1.0,0.4,0.8,1.1,2.6,5.9,0.426,0.433,0.0,0.632,0.476,0.426,F,FR
Justin Wright-Foreman,948,UTA,2,53,2019,Hofstra,2018-19,Hofstra,35,35,37.7,9.4,18.5,6.3,11.1,3.1,7.4,5.1,5.9,0.3,3.7,4.0,2.9,0.9,0.2,2.6,1.9,27.1,0.511,0.568,0.425,0.864,0.637,0.596,G,SR
Carsen Edwards,874,PHI,2,33,2019,Purdue,2018-19,Purdue,36,36,35.4,7.7,19.5,3.9,9.0,3.8,10.6,5.1,6.1,0.4,3.2,3.6,2.9,1.3,0.3,3.1,2.0,24.3,0.394,0.44,0.355,0.837,0.541,0.49,G,JR
R.J. Barrett,860,NYK,1,3,2019,Duke,2018-19,Duke,38,38,35.3,8.4,18.5,6.5,12.2,1.9,6.2,3.9,5.9,1.6,6.0,7.6,4.3,0.9,0.4,3.2,1.8,22.6,0.454,0.529,0.308,0.665,0.532,0.506,F,FR
Ja Morant,808,MEM,1,2,2019,Murray State,2018-19,Murray State,33,33,36.6,8.0,16.1,6.3,11.3,1.7,4.8,6.7,8.2,1.2,4.5,5.7,10.0,1.8,0.8,5.2,1.5,24.5,0.499,0.556,0.363,0.813,0.612,0.553,G,SO
Zion Williamson,746,NOH,1,1,2019,Duke,2018-19,Duke,33,33,30.0,9.0,13.2,8.2,11.0,0.7,2.2,3.9,6.2,3.5,5.4,8.9,2.1,2.1,1.8,2.4,2.1,22.6,0.68,0.747,0.338,0.64,0.702,0.708,F,FR
Rui Hachimura,729,WAS,1,9,2019,Gonzaga,2018-19,Gonzaga,37,37,30.2,7.4,12.6,7.0,11.6,0.4,1.0,4.4,6.0,1.4,5.1,6.5,1.5,0.9,0.7,1.8,2.0,19.7,0.591,0.606,0.417,0.739,0.639,0.608,F,JR
Justin James,706,SAC,2,40,2019,Wyoming,2018-19,Wyoming,32,32,38.2,7.1,17.4,5.6,12.1,1.6,5.3,6.3,8.4,1.0,7.5,8.5,4.4,1.5,0.6,4.2,2.1,22.1,0.409,0.459,0.296,0.741,0.515,0.454,G,SR
Jarrett Culver,704,PHO,1,6,2019,Texas Tech,2018-19,Texas Tech,38,38,32.5,6.7,14.5,5.4,10.3,1.3,4.2,3.9,5.5,1.4,5.0,6.4,3.7,1.5,0.6,2.7,1.9,18.5,0.461,0.526,0.304,0.707,0.542,0.505,G,SO
Dylan Windler,702,CLE,1,26,2019,Belmont,2018-19,Belmont,33,33,33.2,7.4,13.6,4.3,6.6,3.0,7.1,3.5,4.2,1.9,8.9,10.8,2.5,1.4,0.6,2.1,2.1,21.3,0.54,0.659,0.429,0.847,0.681,0.651,F,SR
Grant Williams,696,BOS,1,22,2019,Tennessee,2018-19,Tennessee,37,37,31.9,6.3,11.2,5.9,10.0,0.4,1.2,5.8,7.0,2.2,5.3,7.5,3.2,1.1,1.5,2.2,3.0,18.8,0.564,0.593,0.326,0.819,0.646,0.582,F,JR
Jarrell Brantley,640,IND,2,50,2019,College of Charleston,2018-19,College of Charleston,33,33,34.0,7.2,13.9,6.0,10.4,1.2,3.5,3.9,4.9,1.7,6.7,8.4,2.4,1.4,0.9,2.6,2.7,19.4,0.517,0.582,0.328,0.785,0.598,0.559,F,SR
Marial Shayok,637,PHI,2,54,2019,Iowa State,2018-19,Iowa State,34,34,32.9,6.7,13.6,4.6,8.2,2.1,5.4,3.2,3.6,1.4,3.5,4.9,2.0,0.9,0.2,2.7,2.1,18.7,0.496,0.568,0.386,0.878,0.612,0.573,G,SR
Quinndary Weatherspoon,629,SAS,2,49,2019,Mississippi State,2018-19,Mississippi State,34,34,34.0,6.3,12.3,4.6,8.2,1.6,4.1,4.4,5.4,1.3,3.4,4.7,2.8,1.7,0.3,2.9,2.1,18.5,0.508,0.564,0.396,0.809,0.622,0.574,G,SR
Brandon Clarke,627,OKC,1,21,2019,Gonzaga,2018-19,Gonzaga,37,36,28.1,6.9,10.1,6.8,9.7,0.1,0.4,2.9,4.2,3.1,5.5,8.6,1.9,1.2,3.2,1.5,2.1,16.9,0.687,0.705,0.267,0.694,0.699,0.693,F,JR
Admiral Schofield,610,PHI,2,42,2019,Tennessee,2018-19,Tennessee,37,37,31.8,6.4,13.6,4.4,8.8,2.0,4.8,1.6,2.3,1.2,5.0,6.1,2.0,0.9,0.5,1.9,2.5,16.5,0.474,0.505,0.418,0.698,0.562,0.548,G,SR
Cameron Johnson,608,MIN,1,11,2019,North Carolina,2018-19,North Carolina,36,36,29.9,5.9,11.6,3.2,5.8,2.7,5.8,2.5,3.1,1.8,3.9,5.8,2.4,1.2,0.3,1.5,1.5,16.9,0.506,0.556,0.457,0.818,0.648,0.621,G,SR
Eric Paschall,595,GSW,2,41,2019,Villanova,2018-19,Villanova,36,36,36.1,5.4,12.1,3.5,6.5,1.9,5.6,3.8,5.0,1.3,4.9,6.1,2.1,0.7,0.5,2.3,2.1,16.5,0.447,0.532,0.348,0.746,0.57,0.528,F,SR
Kyle Guy,586,NYK,2,55,2019,Virginia,2018-19,Virginia,38,38,35.4,5.2,11.6,2.1,4.2,3.2,7.4,1.8,2.2,0.7,3.8,4.5,2.1,0.7,0.1,1.4,1.0,15.4,0.449,0.491,0.426,0.833,0.609,0.585,G,JR
Jaylen Nowell,582,MIN,2,43,2019,Washington,2018-19,Washington,36,36,34.4,6.1,12.1,4.6,8.8,1.4,3.2,2.6,3.4,1.0,4.3,5.3,3.1,1.3,0.3,2.9,2.3,16.2,0.502,0.525,0.44,0.779,0.592,0.561,G,SO
De'Andre Hunter,579,LAL,1,4,2019,Virginia,2018-19,Virginia,38,38,32.5,5.4,10.4,4.2,7.6,1.2,2.8,3.2,4.1,1.4,3.7,5.1,2.0,0.6,0.6,1.4,2.0,15.2,0.52,0.55,0.438,0.783,0.618,0.579,G,SO
Coby White,562,CHI,1,7,2019,North Carolina,2018-19,North Carolina,35,35,28.5,5.4,12.7,3.0,6.1,2.3,6.6,3.0,3.7,0.3,3.2,3.5,4.1,1.1,0.3,2.7,1.9,16.1,0.423,0.5,0.353,0.8,0.556,0.516,G,FR
Nickeil Alexander-Walker,550,NJN,1,17,2019,Virginia Tech,2018-19,Virginia Tech,34,34,34.3,5.6,11.8,3.9,7.2,1.7,4.6,3.3,4.2,0.5,3.6,4.1,4.0,1.9,0.5,2.9,2.3,16.2,0.474,0.537,0.374,0.778,0.586,0.546,G,SO
Ignas Brazdeikis,548,SAC,2,47,2019,Michigan,2018-19,Michigan,37,37,29.6,5.1,11.0,3.6,7.1,1.5,3.9,3.1,4.1,1.2,4.3,5.4,0.8,0.7,0.5,1.2,2.1,14.8,0.462,0.5,0.392,0.773,0.573,0.531,F,FR
Daniel Gafford,542,CHI,2,38,2019,Arkansas,2018-19,Arkansas,32,32,28.7,6.7,10.1,6.7,10.1,0.0,0.0,3.6,6.0,2.8,5.8,8.7,0.7,0.9,2.0,2.4,2.8,16.9,0.66,0.66,,0.591,0.652,0.66,F,SO
Jalen McDaniels,541,CHA,2,52,2019,San Diego State,2018-19,San Diego State,34,34,31.0,6.2,13.4,5.5,11.2,0.7,2.2,2.7,3.7,2.0,6.3,8.3,2.1,1.1,0.5,2.4,2.9,15.9,0.466,0.495,0.32,0.732,0.525,0.492,F,SO
PJ Washington,531,CHA,1,12,2019,Kentucky,2018-19,Kentucky,35,33,29.3,5.4,10.4,4.5,8.2,0.9,2.2,3.4,5.1,2.3,5.2,7.5,1.8,0.8,1.2,2.0,2.5,15.2,0.522,0.549,0.423,0.663,0.592,0.567,F,SO
Romeo Langford,528,BOS,1,14,2019,Indiana,2018-19,Indiana,32,32,34.1,5.5,12.3,4.5,8.4,1.1,3.9,4.4,6.1,1.4,4.0,5.4,2.3,0.8,0.8,2.1,1.9,16.5,0.448,0.53,0.272,0.722,0.542,0.491,G,FR
Tyler Herro,519,MIA,1,13,2019,Kentucky,2018-19,Kentucky,37,37,32.6,5.0,10.9,3.4,6.3,1.6,4.6,2.4,2.5,0.4,4.1,4.5,2.5,1.1,0.3,1.6,1.3,14.0,0.462,0.538,0.355,0.935,0.58,0.536,G,FR
Tremont Waters,504,BOS,2,51,2019,Louisiana State,2018-19,Louisiana State,33,29,32.4,5.2,12.1,3.5,6.9,1.7,5.2,3.2,3.9,0.3,2.5,2.8,5.8,2.9,0.1,3.5,1.9,15.3,0.43,0.507,0.327,0.813,0.547,0.5,G,SO
Ty Jerome,502,PHI,1,24,2019,Virginia,2018-19,Virginia,37,37,33.9,4.8,11.1,2.7,5.7,2.1,5.4,1.8,2.5,0.5,3.8,4.2,5.5,1.5,0.0,1.6,1.7,13.6,0.435,0.469,0.399,0.736,0.555,0.532,G,JR
Jordan Bone,498,NOH,2,57,2019,Tennessee,2018-19,Tennessee,37,37,32.9,5.0,10.8,3.7,7.0,1.4,3.8,2.1,2.5,0.5,2.7,3.2,5.8,0.7,0.1,2.0,1.3,13.5,0.465,0.525,0.355,0.835,0.562,0.528,G,JR
Keldon Johnson,498,SAS,1,29,2019,Kentucky,2018-19,Kentucky,37,36,30.7,4.6,10.1,3.4,6.9,1.2,3.2,2.9,4.2,1.3,4.5,5.9,1.6,0.8,0.2,1.6,2.2,13.5,0.461,0.498,0.381,0.703,0.558,0.521,G,FR
Miye Oni,497,GSW,2,58,2019,Yale,2018-19,Yale,29,28,31.0,5.8,13.1,3.8,7.9,1.9,5.2,3.7,4.7,0.7,5.6,6.3,3.6,0.9,1.3,2.6,2.7,17.1,0.441,0.487,0.371,0.793,0.561,0.515,G,JR
Mfiondu Kabengele,489,NJN,1,27,2019,Florida State,2018-19,Florida State,37,0,21.6,4.4,8.8,3.8,7.1,0.6,1.8,3.7,4.9,2.1,3.8,5.9,0.3,0.6,1.5,1.3,2.6,13.2,0.502,0.534,0.369,0.761,0.593,0.538,F,SO
Kezie Okpala,488,PHO,2,32,2019,Stanford,2018-19,Stanford,29,29,32.7,5.9,12.7,4.8,9.7,1.1,3.0,4.0,6.0,1.2,4.5,5.7,2.0,1.0,0.5,2.9,2.5,16.8,0.463,0.493,0.368,0.671,0.543,0.507,F,SO
Cam Reddish,485,ATL,1,10,2019,Duke,2018-19,Duke,36,35,29.7,4.3,12.0,1.8,4.6,2.5,7.4,2.4,3.2,0.6,3.1,3.7,1.9,1.6,0.6,2.7,2.4,13.5,0.356,0.394,0.333,0.772,0.499,0.459,F,FR
Jordan Poole,472,GSW,1,28,2019,Michigan,2018-19,Michigan,37,37,33.1,4.4,10.0,2.3,4.5,2.0,5.5,2.0,2.4,0.2,2.8,3.0,2.2,1.1,0.2,1.5,2.0,12.8,0.436,0.518,0.369,0.833,0.573,0.538,G,SO
Jaylen Hands,467,LAC,2,56,2019,UCLA,2018-19,UCLA,33,33,31.2,4.8,11.6,2.8,6.2,2.0,5.4,2.6,3.3,0.4,3.3,3.7,6.1,1.3,0.2,3.2,1.2,14.2,0.413,0.447,0.373,0.78,0.537,0.499,G,SO
Bruno Fernando,462,PHI,2,34,2019,Maryland,2018-19,Maryland,34,33,30.0,5.1,8.4,5.0,8.1,0.1,0.3,3.3,4.3,2.9,7.7,10.6,2.0,0.6,1.9,2.8,2.7,13.6,0.607,0.618,0.3,0.779,0.653,0.612,F,SO
Chuma Okeke,456,ORL,1,16,2019,Auburn,2018-19,Auburn,38,38,29.1,4.4,8.9,3.0,5.2,1.4,3.7,1.7,2.4,2.8,4.1,6.8,1.9,1.8,1.2,1.7,1.9,12.0,0.496,0.574,0.387,0.722,0.597,0.577,F,SO
Terance Mann,422,LAC,2,48,2019,Florida State,2018-19,Florida State,37,36,31.7,4.0,7.9,3.2,5.8,0.8,2.1,2.6,3.4,2.5,4.0,6.5,2.5,0.7,0.3,1.8,2.2,11.4,0.505,0.547,0.39,0.79,0.603,0.557,G,SR
Nicolas Claxton,415,NJN,2,31,2019,Georgia,2018-19,Georgia,32,32,31.6,4.3,9.3,3.7,7.3,0.6,2.0,3.8,6.0,2.3,6.3,8.6,1.8,1.1,2.5,2.1,2.8,13.0,0.46,0.509,0.281,0.641,0.533,0.49,F,SO
Isaiah Roby,414,DET,2,45,2019,Nebraska,2018-19,Nebraska,35,35,31.2,4.2,9.3,3.4,6.9,0.8,2.4,2.6,3.8,1.9,5.0,6.9,1.9,1.3,1.9,2.0,3.2,11.8,0.454,0.496,0.333,0.677,0.532,0.497,F,JR
Talen Horton-Tucker,414,ORL,2,46,2019,Iowa State,2018-19,Iowa State,35,34,27.2,4.4,10.9,3.0,6.4,1.4,4.5,1.6,2.5,0.7,4.2,4.9,2.3,1.3,0.7,1.7,2.3,11.8,0.406,0.475,0.308,0.625,0.488,0.47,G,FR
Cody Martin,410,CHA,2,36,2019,Nevada,2018-19,Nevada,34,34,34.4,4.4,8.8,3.4,6.0,1.0,2.8,2.2,2.9,0.9,3.5,4.5,4.9,1.4,0.7,1.9,2.5,12.1,0.505,0.574,0.358,0.763,0.594,0.562,F,SR
Dewan Hernandez,365,TOR,2,59,2019,Miami (FL),2017-18,Miami (FL),32,32,825.0,147.0,255.0,147.0,252.0,0.0,3.0,71.0,103.0,65.0,148.0,213.0,14.0,16.0,31.0,44.0,60.0,365.0,0.576,0.583,0.0,0.689,0.6,0.576,F,SO
Nassir Little,353,POR,1,25,2019,North Carolina,2018-19,North Carolina,36,0,18.2,3.6,7.6,3.3,6.2,0.4,1.4,2.1,2.8,1.6,3.0,4.6,0.7,0.5,0.5,1.3,1.6,9.8,0.478,0.527,0.269,0.77,0.549,0.504,F,FR
Matisse Thybulle,327,BOS,1,20,2019,Washington,2018-19,Washington,36,36,31.1,3.1,7.5,1.8,3.3,1.3,4.2,1.6,1.9,0.8,2.3,3.1,2.1,3.5,2.3,1.8,2.8,9.1,0.415,0.555,0.305,0.851,0.542,0.5,G,SR
Jaxson Hayes,320,ATL,1,8,2019,Texas,2018-19,Texas,32,21,23.3,3.8,5.3,3.8,5.3,0.0,0.0,2.3,3.1,1.8,3.3,5.0,0.3,0.6,2.2,0.9,3.3,10.0,0.728,0.728,,0.74,0.739,0.728,F,FR
Kevin Porter Jr.,200,MIL,1,30,2019,Southern California,2018-19,Southern California,21,4,22.1,3.5,7.5,2.2,4.2,1.3,3.2,1.1,2.2,1.0,3.0,4.0,1.4,0.8,0.5,1.9,2.1,9.5,0.471,0.517,0.412,0.522,0.559,0.561,G,FR
Grant Riller,678,CHA,2,56,2020,College of Charleston,2019-20,College of Charleston,31,31,33.5,7.3,14.7,5.8,10.5,1.5,4.2,5.7,6.9,0.5,4.6,5.1,3.9,1.6,0.3,3.1,2.3,21.9,0.499,0.554,0.362,0.827,0.609,0.551,G,SR
Jalen Harris,650,TOR,2,59,2020,Nevada,2019-20,Nevada,30,30,33.0,7.5,16.7,5.2,10.6,2.2,6.2,4.5,5.5,0.8,5.7,6.5,3.9,1.1,0.1,2.4,2.3,21.7,0.446,0.495,0.362,0.823,0.56,0.513,G,JR
Payton Pritchard,635,BOS,1,26,2020,Oregon,2019-20,Oregon,31,31,36.6,7.0,14.9,4.1,8.1,2.8,6.8,3.7,4.5,0.7,3.6,4.3,5.5,1.5,0.0,2.7,2.0,20.5,0.468,0.512,0.415,0.821,0.601,0.563,G,SR
Sam Merrill,629,NOH,2,60,2020,Utah State,2019-20,Utah State,32,32,35.0,6.1,13.2,3.3,6.4,2.8,6.8,4.7,5.3,0.2,3.9,4.1,3.9,0.9,0.1,1.6,2.3,19.7,0.461,0.515,0.41,0.893,0.625,0.566,G,SR
Daniel Oturu,623,MIN,2,33,2020,Minnesota,2019-20,Minnesota,31,31,33.9,7.7,13.6,7.1,12.0,0.6,1.7,4.1,5.8,3.7,7.5,11.3,1.1,0.5,2.5,2.8,2.7,20.1,0.563,0.59,0.365,0.707,0.612,0.585,C,SO
Obi Toppin,621,NYK,1,8,2020,Dayton,2019-20,Dayton,31,31,31.6,7.9,12.5,6.9,9.8,1.0,2.6,3.2,4.5,1.2,6.4,7.5,2.2,1.0,1.2,2.2,1.6,20.0,0.633,0.698,0.39,0.702,0.684,0.674,F,SO
Anthony Edwards,610,MIN,1,1,2020,Georgia,2019-20,Georgia,32,32,33.0,6.3,15.8,4.1,8.1,2.3,7.7,4.1,5.3,0.8,4.5,5.2,2.8,1.3,0.6,2.7,2.2,19.1,0.402,0.504,0.294,0.772,0.52,0.473,G,FR
Elijah Hughes,609,NOH,2,39,2020,Syracuse,2019-20,Syracuse,32,32,36.7,6.2,14.5,3.8,7.4,2.4,7.1,4.2,5.2,0.4,4.5,4.9,3.4,1.2,0.8,2.3,1.8,19.0,0.427,0.508,0.342,0.813,0.561,0.511,F,JR
Saben Lee,594,UTA,2,38,2020,Vanderbilt,2019-20,Vanderbilt,32,17,32.9,6.3,12.9,5.0,9.2,1.2,3.8,4.8,6.4,0.6,3.0,3.5,4.2,1.5,0.3,3.1,1.8,18.6,0.483,0.549,0.322,0.752,0.58,0.53,G,JR
CJ Elleby,589,POR,2,46,2020,Washington State,2019-20,Washington State,32,32,33.4,6.2,15.6,3.8,8.8,2.3,6.8,3.8,4.6,1.2,6.6,7.8,1.9,1.8,0.8,2.2,2.9,18.4,0.396,0.439,0.339,0.823,0.519,0.47,F,SO
Kira Lewis Jr.,573,NOH,1,13,2020,Alabama,2019-20,Alabama,31,31,37.6,6.6,14.5,4.8,9.5,1.8,4.9,3.4,4.2,0.8,3.9,4.8,5.2,1.8,0.6,3.5,2.6,18.5,0.459,0.507,0.366,0.802,0.56,0.521,G,SO
Malachi Flynn,564,TOR,1,29,2020,San Diego State,2019-20,San Diego State,32,32,33.4,5.8,13.0,3.4,6.7,2.4,6.4,3.8,4.4,0.6,3.8,4.5,5.1,1.8,0.1,1.8,1.8,17.6,0.441,0.507,0.373,0.857,0.583,0.532,G,JR
Cassius Winston,558,OKC,2,53,2020,Michigan State,2019-20,Michigan State,30,30,32.7,6.2,13.8,3.7,8.1,2.4,5.6,3.8,4.5,0.2,2.3,2.5,5.9,1.2,0.0,3.2,2.0,18.6,0.448,0.459,0.432,0.852,0.585,0.536,G,SR
Jordan Nwora,558,MIL,2,45,2020,Louisville,2019-20,Louisville,31,30,33.1,6.1,13.9,3.6,7.8,2.5,6.1,3.4,4.1,1.7,6.0,7.7,1.3,0.7,0.3,2.1,2.2,18.0,0.44,0.469,0.402,0.813,0.568,0.528,F,JR
Vernon Carey Jr.,552,CHA,2,32,2020,Duke,2019-20,Duke,31,30,24.9,6.4,11.1,6.2,10.5,0.3,0.7,4.7,7.0,2.7,6.1,8.8,1.0,0.7,1.6,2.0,2.7,17.8,0.577,0.59,0.381,0.67,0.615,0.588,C,FR
Isaiah Stewart,543,POR,1,16,2020,Washington,2019-20,Washington,32,32,32.2,6.0,10.5,5.8,9.9,0.2,0.6,4.8,6.2,2.8,6.0,8.8,0.8,0.5,2.1,2.2,2.6,17.0,0.57,0.59,0.25,0.774,0.629,0.577,F,FR
Reggie Perry,538,LAC,2,57,2020,Mississippi State,2019-20,Mississippi State,31,31,31.1,5.9,11.8,5.2,9.5,0.7,2.3,4.8,6.3,3.1,6.9,10.1,2.3,0.8,1.2,2.9,3.1,17.4,0.5,0.542,0.324,0.768,0.587,0.531,F,SO
Desmond Bane,531,BOS,1,30,2020,TCU,2019-20,TCU,32,32,36.0,6.2,13.6,3.3,7.1,2.9,6.5,1.4,1.8,1.4,4.9,6.3,3.9,1.5,0.5,2.3,2.2,16.6,0.452,0.461,0.442,0.789,0.573,0.557,G,SR
Skylar Mays,517,ATL,2,50,2020,Louisiana State,2019-20,Louisiana State,31,31,34.4,5.5,11.1,3.8,7.0,1.6,4.1,4.2,4.9,0.5,4.5,5.0,3.2,1.8,0.2,2.3,1.7,16.7,0.491,0.548,0.394,0.854,0.622,0.564,G,SR
Zeke Nnaji,515,DEN,1,22,2020,Arizona,2019-20,Arizona,32,32,30.7,5.6,9.8,5.4,9.3,0.2,0.5,4.8,6.3,3.1,5.5,8.6,0.8,0.7,0.9,2.2,2.4,16.1,0.57,0.586,0.294,0.76,0.63,0.578,F,FR
Justinian Jessup,512,GSW,2,51,2020,Boise State,2019-20,Boise State,32,32,36.0,5.4,12.6,2.3,4.9,3.1,7.7,2.2,2.3,1.0,3.5,4.4,2.1,1.4,0.5,1.3,2.2,16.0,0.426,0.471,0.397,0.959,0.584,0.547,G,SR
Saddiq Bey,499,NJN,1,19,2020,Villanova,2019-20,Villanova,31,31,33.9,5.6,11.8,3.1,6.2,2.5,5.6,2.3,2.9,1.3,3.5,4.7,2.4,0.8,0.4,1.5,2.5,16.1,0.477,0.5,0.451,0.769,0.608,0.584,F,SO
Precious Achiuwa,489,MIA,1,20,2020,Memphis,2019-20,Memphis,31,31,30.4,5.9,11.9,5.5,10.6,0.4,1.3,3.6,6.0,3.0,7.8,10.8,1.0,1.1,1.9,2.8,2.4,15.8,0.493,0.514,0.325,0.599,0.534,0.511,F,FR
Immanuel Quickley,482,OKC,1,25,2020,Kentucky,2019-20,Kentucky,30,20,33.0,4.6,11.0,2.5,6.2,2.1,4.8,4.8,5.2,0.5,3.7,4.2,1.9,0.9,0.1,1.6,2.3,16.1,0.417,0.409,0.428,0.923,0.595,0.511,G,SO
Jalen Smith,479,PHO,1,10,2020,Maryland,2019-20,Maryland,31,31,31.3,5.4,10.1,4.4,7.3,1.0,2.8,3.6,4.8,3.2,7.3,10.5,0.8,0.7,2.4,1.7,2.4,15.5,0.538,0.604,0.368,0.75,0.626,0.59,F,SO
Tre Jones,471,SAS,2,41,2020,Duke,2019-20,Duke,29,29,35.4,5.6,13.2,4.2,9.5,1.3,3.7,3.7,4.8,0.7,3.6,4.2,6.4,1.8,0.3,2.7,1.8,16.2,0.423,0.447,0.361,0.771,0.524,0.474,G,SO
Onyeka Okongwu,454,ATL,1,6,2020,Southern California,2019-20,Southern California,28,28,30.6,6.3,10.1,6.2,10.0,0.0,0.1,3.7,5.1,3.3,5.4,8.6,1.1,1.2,2.7,2.0,2.7,16.2,0.616,0.621,0.25,0.72,0.645,0.618,F,FR
Tyrell Terry,454,DAL,2,31,2020,Stanford,2019-20,Stanford,31,31,32.6,4.7,10.7,2.7,5.8,2.0,4.9,3.2,3.5,0.4,4.1,4.5,3.2,1.4,0.1,2.6,2.1,14.6,0.441,0.47,0.408,0.891,0.589,0.535,G,FR
Nico Mannion,447,GSW,2,48,2020,Arizona,2019-20,Arizona,32,32,32.3,4.5,11.5,2.8,6.4,1.7,5.1,3.3,4.2,0.3,2.3,2.5,5.3,1.2,0.0,2.6,1.7,14.0,0.392,0.444,0.327,0.797,0.52,0.465,G,FR
Isaiah Joe,439,PHI,2,49,2020,Arkansas,2019-20,Arkansas,26,25,36.1,5.1,13.8,1.5,3.3,3.6,10.6,3.1,3.5,0.5,3.6,4.1,1.7,1.4,0.3,1.7,1.8,16.9,0.367,0.447,0.342,0.89,0.544,0.497,G,SO
Paul Reed,439,PHI,2,58,2020,DePaul,2019-20,DePaul,29,29,31.7,6.3,12.2,5.7,10.4,0.6,1.8,2.0,2.8,3.3,7.4,10.7,1.6,1.9,2.6,2.3,3.0,15.1,0.516,0.551,0.308,0.738,0.561,0.538,F,JR
Nick Richards,435,NOH,2,42,2020,Kentucky,2019-20,Kentucky,31,30,29.6,5.3,8.2,5.3,8.2,0.0,0.0,3.5,4.7,2.6,5.2,7.8,0.2,0.1,2.1,1.6,3.2,14.0,0.642,0.642,,0.752,0.674,0.642,F,JR
Tyrese Maxey,433,PHI,1,21,2020,Kentucky,2019-20,Kentucky,31,28,34.5,4.8,11.3,3.8,7.7,1.1,3.6,3.2,3.9,0.4,3.9,4.3,3.2,0.9,0.4,2.2,2.4,14.0,0.427,0.492,0.292,0.833,0.531,0.474,G,FR
Tyler Bey,429,PHI,2,36,2020,Colorado,2019-20,Colorado,31,30,29.0,4.5,8.5,4.1,7.5,0.4,1.0,4.4,5.9,2.0,7.0,9.0,1.5,1.5,1.2,2.4,1.9,13.8,0.53,0.545,0.419,0.743,0.611,0.555,G,JR
Udoka Azubuike,426,UTA,1,27,2020,Kansas,2019-20,Kansas,31,30,27.7,5.8,7.8,5.8,7.8,0.0,0.0,2.1,4.7,3.5,7.0,10.5,0.9,0.5,2.6,2.5,2.4,13.7,0.748,0.748,,0.441,0.685,0.748,C,SR
Xavier Tillman,425,SAC,2,35,2020,Michigan State,2019-20,Michigan State,31,31,32.1,5.3,9.7,4.9,8.1,0.4,1.6,2.6,4.0,2.7,7.6,10.3,3.0,1.2,2.1,2.0,2.6,13.7,0.55,0.608,0.26,0.667,0.593,0.572,F,JR
Cole Anthony,407,ORL,1,15,2020,North Carolina,2019-20,North Carolina,22,20,34.9,6.0,15.7,3.7,9.3,2.2,6.4,4.4,5.8,0.5,5.2,5.7,4.0,1.3,0.3,3.5,2.9,18.5,0.38,0.402,0.348,0.75,0.501,0.451,G,FR
Jahmi'us Ramsey,406,SAC,2,43,2020,Texas Tech,2019-20,Texas Tech,27,27,31.2,5.5,12.4,3.3,7.2,2.2,5.2,1.9,2.9,0.7,3.3,4.0,2.2,1.3,0.7,2.0,2.2,15.0,0.442,0.454,0.426,0.641,0.546,0.531,G,FR
Jaden McDaniels,402,LAL,1,28,2020,Washington,2019-20,Washington,31,21,31.1,4.4,10.8,3.0,6.7,1.4,4.1,2.8,3.7,1.1,4.7,5.8,2.1,0.8,1.4,3.2,3.3,13.0,0.405,0.445,0.339,0.763,0.515,0.469,F,FR
Devin Vassell,380,SAS,1,11,2020,Florida State,2019-20,Florida State,30,30,28.8,4.8,9.8,3.3,6.3,1.5,3.5,1.6,2.2,1.3,3.8,5.1,1.6,1.4,1.0,0.8,1.9,12.7,0.49,0.532,0.415,0.738,0.585,0.565,G,SO
Cassius Stanley,364,IND,2,54,2020,Duke,2019-20,Duke,29,29,27.4,4.4,9.3,3.3,6.3,1.1,3.0,2.7,3.6,1.9,3.0,4.9,1.0,0.7,0.7,1.9,2.2,12.6,0.474,0.527,0.36,0.733,0.569,0.531,G,FR
Isaac Okoro,360,CLE,1,5,2020,Auburn,2019-20,Auburn,28,28,31.5,4.5,8.7,3.8,6.2,0.7,2.5,3.2,4.8,1.9,2.5,4.4,2.0,0.9,0.9,2.0,2.7,12.9,0.514,0.607,0.286,0.672,0.587,0.556,F,FR
Josh Green,359,DAL,1,18,2020,Arizona,2019-20,Arizona,30,30,30.9,4.1,9.6,3.1,6.8,1.0,2.8,2.8,3.6,1.3,3.3,4.6,2.6,1.5,0.4,1.6,2.4,12.0,0.424,0.449,0.361,0.78,0.528,0.476,G,FR
Robert Woodard,352,MEM,2,40,2020,Mississippi State,2019-20,Mississippi State,31,31,33.1,4.4,8.9,3.4,6.6,1.0,2.3,1.6,2.5,2.2,4.4,6.5,1.3,1.1,1.0,1.9,1.9,11.4,0.495,0.517,0.429,0.641,0.564,0.549,G,SO
Tyrese Haliburton,335,SAC,1,12,2020,Iowa State,2019-20,Iowa State,22,22,36.7,5.6,11.1,3.2,5.5,2.4,5.6,1.7,2.0,1.5,4.4,5.9,6.5,2.5,0.7,2.8,1.3,15.2,0.504,0.592,0.419,0.822,0.631,0.611,G,SO
Aaron Nesmith,322,BOS,1,14,2020,Vanderbilt,2019-20,Vanderbilt,14,14,35.7,7.5,14.6,3.2,6.4,4.3,8.2,3.7,4.5,0.8,4.1,4.9,0.9,1.4,0.9,1.7,2.8,23.0,0.512,0.5,0.522,0.825,0.685,0.659,F,SO
Patrick Williams,268,CHI,1,4,2020,Florida State,2019-20,Florida State,29,0,22.5,3.3,7.1,2.7,5.4,0.6,1.7,2.1,2.6,1.3,2.7,4.0,1.0,1.0,1.0,1.7,1.6,9.2,0.459,0.503,0.32,0.838,0.553,0.498,F,FR
James Wiseman,59,GSW,1,2,2020,Memphis,2019-20,Memphis,3,3,23.0,6.7,8.7,6.7,8.3,0.0,0.3,6.3,9.0,4.3,6.3,10.7,0.3,0.3,3.0,1.0,1.7,19.7,0.769,0.8,0.0,0.704,0.76,0.769,C,FR
Luka Garza,747,DET,2,52,2021,Iowa,2020-21,Iowa,31,31,31.5,9.1,16.4,7.6,13.2,1.4,3.2,4.5,6.4,3.0,5.7,8.7,1.7,0.7,1.6,1.5,2.3,24.1,0.553,0.581,0.44,0.709,0.62,0.596,F,SR
Cameron Thomas,668,NJN,1,27,2021,Louisiana State,2020-21,Louisiana State,29,29,34.0,7.0,17.2,4.7,10.0,2.3,7.2,6.7,7.6,0.6,2.8,3.4,1.4,0.9,0.2,1.7,1.4,23.0,0.406,0.464,0.325,0.882,0.553,0.474,G,FR
Corey Kispert,595,WAS,1,15,2021,Gonzaga,2020-21,Gonzaga,32,32,31.8,6.5,12.3,3.7,5.9,2.8,6.5,2.7,3.1,0.9,4.0,5.0,1.8,0.9,0.4,1.3,1.7,18.6,0.529,0.628,0.44,0.878,0.674,0.644,F,SR
Ayo Dosunmu,564,CHI,2,38,2021,Illinois,2020-21,Illinois,28,28,35.1,7.5,15.4,6.4,12.4,1.1,2.9,4.0,5.1,1.1,5.2,6.3,5.3,1.1,0.2,3.3,2.1,20.1,0.488,0.511,0.39,0.783,0.566,0.526,G,JR
Cade Cunningham,544,DET,1,1,2021,Oklahoma State,2020-21,Oklahoma State,27,26,35.4,6.5,14.8,4.2,9.1,2.3,5.7,4.9,5.8,0.7,5.5,6.2,3.5,1.6,0.8,4.0,2.5,20.1,0.438,0.461,0.4,0.846,0.574,0.515,G,FR
Evan Mobley,540,CLE,1,3,2021,Southern California,2020-21,Southern California,33,33,33.9,6.0,10.3,5.6,9.1,0.4,1.2,4.1,5.8,2.7,5.9,8.7,2.4,0.8,2.9,2.2,1.8,16.4,0.578,0.615,0.3,0.694,0.624,0.595,F,FR
Moses Moody,539,GSW,1,14,2021,Arkansas,2020-21,Arkansas,32,32,33.8,5.2,12.1,3.3,7.0,1.8,5.1,4.7,5.8,2.0,3.8,5.8,1.6,1.0,0.7,1.6,2.3,16.8,0.427,0.478,0.358,0.812,0.568,0.503,G,FR
Quentin Grimes,535,LAC,1,25,2021,Houston,2020-21,Houston,30,30,32.8,5.8,14.2,2.4,5.9,3.3,8.3,3.0,3.8,1.6,4.1,5.7,2.0,1.4,0.3,1.8,2.2,17.8,0.406,0.41,0.403,0.788,0.558,0.523,G,JR
Jared Butler,502,NOH,2,40,2021,Baylor,2020-21,Baylor,30,30,30.3,5.9,12.5,3.3,6.4,2.6,6.2,2.4,3.0,0.4,2.9,3.3,4.8,2.0,0.4,2.8,2.4,16.7,0.471,0.524,0.416,0.78,0.599,0.573,G,JR
Charles Bassey,494,PHI,2,53,2021,Western Kentucky,2020-21,Western Kentucky,28,28,30.4,6.9,11.8,6.3,9.6,0.6,2.1,3.1,4.1,3.3,8.3,11.6,0.7,0.4,3.1,2.2,2.4,17.6,0.59,0.652,0.305,0.759,0.643,0.617,C,JR
Sandro Mamukelashvili,473,IND,2,54,2021,Seton Hall,2020-21,Seton Hall,27,27,35.6,6.2,14.3,4.7,9.7,1.6,4.6,3.5,4.9,1.9,5.7,7.6,3.2,1.1,0.6,3.3,1.7,17.5,0.434,0.481,0.336,0.714,0.525,0.488,F,SR
Nah'Shon Hyland,467,DEN,1,26,2021,VCU,2020-21,VCU,24,24,31.9,6.3,14.2,3.5,6.4,2.9,7.8,3.9,4.5,0.2,4.5,4.7,2.1,1.9,0.2,3.1,2.2,19.5,0.447,0.539,0.371,0.862,0.596,0.549,G,SO
Kessler Edwards,465,NJN,2,44,2021,Pepperdine,2020-21,Pepperdine,27,26,33.9,6.1,12.4,4.4,8.0,1.7,4.4,3.4,3.9,1.2,5.6,6.8,1.2,1.0,1.2,1.8,2.1,17.2,0.491,0.553,0.378,0.876,0.606,0.558,F,JR
Joe Wieskamp,460,SAS,2,41,2021,Iowa,2020-21,Iowa,31,31,29.3,5.2,10.6,2.8,5.5,2.4,5.1,2.1,3.1,1.2,5.5,6.6,1.7,0.9,0.3,1.4,1.5,14.8,0.491,0.518,0.462,0.677,0.616,0.602,G,JR
Miles McBride,460,OKC,2,36,2021,West Virginia,2020-21,West Virginia,29,28,34.2,5.4,12.6,3.8,8.7,1.6,3.8,3.4,4.2,1.2,2.7,3.9,4.8,1.9,0.3,1.8,1.7,15.9,0.431,0.439,0.414,0.813,0.544,0.495,G,SO
Marcus Zegarowski,459,NJN,2,49,2021,Creighton,2020-21,Creighton,29,29,33.6,5.6,12.0,2.8,5.5,2.8,6.6,1.9,2.4,0.3,3.3,3.6,4.3,1.3,0.1,2.1,1.9,15.8,0.464,0.516,0.421,0.786,0.6,0.579,G,JR
Aaron Wiggins,448,OKC,2,55,2021,Maryland,2020-21,Maryland,31,30,33.0,5.3,11.9,3.5,6.8,1.8,5.2,2.0,2.5,1.1,4.7,5.8,2.5,1.1,0.5,2.0,2.0,14.5,0.446,0.514,0.356,0.772,0.55,0.523,G,JR
Chris Duarte,445,IND,1,13,2021,Oregon,2020-21,Oregon,26,26,34.1,6.2,11.6,3.8,6.0,2.3,5.5,2.5,3.0,0.7,3.9,4.6,2.7,1.9,0.8,2.3,1.4,17.1,0.532,0.631,0.424,0.81,0.657,0.633,G,SR
Neemias Queta,433,SAC,2,39,2021,Utah State,2020-21,Utah State,29,29,30.0,5.8,10.3,5.8,10.2,0.0,0.1,3.4,4.8,2.9,7.3,10.1,2.7,1.1,3.3,2.4,2.4,14.9,0.559,0.562,0.0,0.707,0.592,0.559,C,JR
Jalen Suggs,431,ORL,1,5,2021,Gonzaga,2020-21,Gonzaga,30,30,28.9,5.2,10.3,4.0,6.8,1.2,3.5,2.9,3.8,0.6,4.7,5.3,4.5,1.9,0.3,2.9,2.6,14.4,0.503,0.588,0.337,0.754,0.595,0.56,G,FR
Davion Mitchell,420,SAC,1,9,2021,Baylor,2020-21,Baylor,30,30,33.0,5.3,10.3,3.2,5.6,2.1,4.7,1.4,2.1,0.5,2.2,2.7,5.5,1.9,0.4,2.4,2.4,14.0,0.511,0.565,0.447,0.641,0.619,0.613,G,JR
Jeremiah Robinson-Earl,393,NYK,2,32,2021,Villanova,2020-21,Villanova,25,25,34.5,6.2,12.5,5.3,9.2,0.9,3.3,2.4,3.4,2.5,6.0,8.5,2.2,1.0,0.6,1.6,2.3,15.7,0.497,0.574,0.28,0.714,0.558,0.534,F,SO
Tre Mann,385,OKC,1,18,2021,Florida,2020-21,Florida,24,24,32.4,5.5,12.1,3.7,7.4,1.9,4.7,3.1,3.7,0.7,5.0,5.6,3.5,1.4,0.1,2.8,2.4,16.0,0.459,0.494,0.402,0.831,0.579,0.536,G,SO
Herb Jones,370,NOH,2,35,2021,Alabama,2020-21,Alabama,33,33,27.3,3.9,8.8,3.3,7.0,0.6,1.7,2.8,3.9,2.5,4.1,6.6,3.3,1.7,1.1,2.8,2.8,11.2,0.446,0.47,0.351,0.713,0.528,0.481,F,SR
Santi Aldama,361,UTA,1,30,2021,Loyola (MD),2020-21,Loyola (MD),17,17,35.0,7.9,15.5,6.1,10.4,1.9,5.1,3.5,5.1,1.8,8.3,10.1,2.3,1.0,1.7,3.2,1.9,21.2,0.513,0.585,0.368,0.686,0.594,0.574,F,SO
Franz Wagner,349,ORL,1,8,2021,Michigan,2020-21,Michigan,28,28,31.7,4.4,9.3,3.2,5.6,1.3,3.6,2.4,2.8,0.7,5.8,6.5,3.0,1.3,1.0,1.3,2.2,12.5,0.477,0.563,0.343,0.835,0.587,0.544,G,SO
Jason Preston,314,ORL,2,33,2021,Ohio,2020-21,Ohio,20,20,34.6,6.4,12.4,4.8,8.3,1.6,4.1,1.4,2.4,1.1,6.2,7.3,7.3,1.5,0.3,3.0,1.4,15.7,0.514,0.576,0.39,0.596,0.583,0.579,G,JR
Jaden Springer,313,PHI,1,28,2021,Tennessee,2020-21,Tennessee,25,15,25.9,4.2,9.1,3.4,7.2,0.8,1.8,3.2,4.0,1.0,2.5,3.5,2.9,1.2,0.4,2.4,2.0,12.5,0.467,0.475,0.435,0.81,0.57,0.511,G,FR
Keon Johnson,306,NYK,1,21,2021,Tennessee,2020-21,Tennessee,27,17,25.5,4.1,9.1,3.6,7.4,0.5,1.8,2.6,3.7,1.1,2.4,3.5,2.5,1.1,0.4,2.6,2.4,11.3,0.449,0.492,0.271,0.703,0.519,0.476,G,FR
Isaiah Livers,301,DET,2,42,2021,Michigan,2020-21,Michigan,23,23,31.6,4.4,9.7,2.3,4.7,2.2,5.0,2.0,2.3,1.1,4.9,6.0,2.0,0.6,0.7,1.1,1.6,13.1,0.457,0.486,0.431,0.87,0.605,0.57,F,SR
Raiquan Gray,297,NJN,2,59,2021,Florida State,2020-21,Florida State,25,24,26.3,4.4,8.4,4.0,7.2,0.3,1.2,2.8,3.7,1.5,4.9,6.4,2.2,1.2,0.7,2.2,2.6,11.9,0.517,0.558,0.267,0.763,0.582,0.536,F,JR
Brandon Boston Jr.,287,MEM,2,51,2021,Kentucky,2020-21,Kentucky,25,24,30.4,4.1,11.6,2.9,7.6,1.2,4.0,2.0,2.6,1.3,3.2,4.5,1.6,1.3,0.2,1.4,2.0,11.5,0.355,0.384,0.3,0.785,0.447,0.407,G,FR
Trey Murphy III,282,MEM,1,17,2021,Virginia,2020-21,Virginia,25,20,29.6,3.8,7.6,1.8,2.8,2.1,4.8,1.5,1.6,0.6,2.8,3.4,1.2,0.8,0.4,0.8,2.0,11.3,0.503,0.62,0.433,0.927,0.67,0.639,G,JR
James Bouknight,281,CHA,1,11,2021,Connecticut,2020-21,Connecticut,15,14,31.7,6.5,14.6,5.1,9.6,1.5,5.0,4.2,5.4,1.5,4.1,5.7,1.8,1.1,0.3,2.8,1.9,18.7,0.447,0.528,0.293,0.778,0.546,0.498,G,SO
Day'Ron Sharpe,275,PHO,1,29,2021,North Carolina,2020-21,North Carolina,29,4,19.2,3.9,7.4,3.9,7.4,0.0,0.1,1.8,3.5,3.3,4.2,7.6,1.4,0.8,0.9,2.0,2.0,9.5,0.519,0.523,0.0,0.505,0.521,0.519,F,FR
Dalano Banton,258,TOR,2,46,2021,Nebraska,2020-21,Nebraska,27,22,27.3,3.3,8.1,2.6,5.1,0.7,3.0,2.1,3.3,1.0,4.9,5.9,3.9,1.0,0.9,2.5,2.1,9.6,0.411,0.507,0.247,0.659,0.495,0.457,G,SO
JT Thor,253,DET,2,37,2021,Auburn,2020-21,Auburn,27,27,23.0,3.1,7.1,2.3,4.3,0.8,2.7,2.3,3.1,1.6,3.4,5.0,0.9,0.8,1.4,1.6,2.0,9.4,0.44,0.53,0.297,0.741,0.547,0.497,F,FR
Scottie Barnes,248,TOR,1,4,2021,Florida State,2020-21,Florida State,24,7,24.8,4.1,8.1,3.6,6.5,0.5,1.7,1.7,2.8,1.5,2.5,4.0,4.1,1.5,0.5,2.5,2.2,10.3,0.503,0.561,0.275,0.621,0.548,0.531,G,FR
Joshua Primo,244,SAS,1,12,2021,Alabama,2020-21,Alabama,30,19,22.5,2.8,6.5,1.4,2.7,1.4,3.8,1.1,1.5,1.0,2.3,3.4,0.8,0.6,0.3,1.4,1.7,8.1,0.431,0.5,0.381,0.75,0.565,0.541,G,FR
Greg Brown,243,NOH,2,43,2021,Texas,2020-21,Texas,26,24,20.6,3.1,7.4,2.0,3.9,1.2,3.5,2.0,2.8,1.2,5.0,6.2,0.4,0.6,1.0,2.3,3.0,9.3,0.42,0.5,0.33,0.708,0.535,0.497,F,FR
Sharife Cooper,242,ATL,2,48,2021,Auburn,2020-21,Auburn,12,12,33.1,6.0,15.3,4.9,10.6,1.1,4.8,7.1,8.6,0.7,3.6,4.3,8.1,1.0,0.3,4.2,2.7,20.2,0.391,0.465,0.228,0.825,0.519,0.427,G,FR
David Johnson,240,TOR,2,47,2021,Louisville,2020-21,Louisville,19,19,35.1,4.7,11.5,3.1,7.2,1.7,4.4,1.5,2.1,0.9,4.9,5.8,3.2,1.1,0.3,3.2,2.7,12.6,0.411,0.426,0.386,0.7,0.504,0.484,G,SO
Jericho Sims,240,NYK,2,58,2021,Texas,2020-21,Texas,26,26,24.5,3.6,5.2,3.6,5.2,0.0,0.0,2.0,3.8,2.2,5.1,7.2,0.7,0.7,1.1,1.6,2.5,9.2,0.696,0.696,,0.52,0.658,0.696,F,SR
Kai Jones,230,NYK,1,19,2021,Texas,2020-21,Texas,26,4,22.8,3.2,5.5,2.7,4.2,0.5,1.3,2.0,2.8,2.0,2.9,4.8,0.6,0.8,0.9,1.4,2.7,8.8,0.58,0.642,0.382,0.689,0.646,0.626,F,SO
Balsa Koprivica,219,CHA,2,57,2021,Florida State,2020-21,Florida State,24,20,19.5,3.7,6.1,3.6,6.1,0.0,0.0,1.8,2.5,2.1,3.5,5.6,0.8,0.3,1.4,1.3,2.6,9.1,0.599,0.596,1.0,0.689,0.622,0.602,C,SO
Josh Christopher,214,HOU,1,24,2021,Arizona State,2020-21,Arizona State,15,15,29.7,5.1,11.7,3.9,7.8,1.2,3.9,2.9,3.7,0.7,4.1,4.7,1.4,1.5,0.5,1.7,3.2,14.3,0.432,0.496,0.305,0.8,0.529,0.483,G,FR
Ziaire Williams,214,NOH,1,10,2021,Stanford,2020-21,Stanford,20,14,27.9,3.8,10.2,2.7,6.2,1.2,4.0,2.0,2.5,0.5,4.1,4.6,2.2,0.9,0.6,2.9,2.4,10.7,0.374,0.427,0.291,0.796,0.473,0.431,F,FR
Isaiah Jackson,211,LAL,1,22,2021,Kentucky,2020-21,Kentucky,25,18,20.8,3.0,5.5,3.0,5.4,0.0,0.1,2.5,3.6,2.1,4.5,6.6,0.7,0.8,2.6,1.5,3.0,8.4,0.54,0.548,0.0,0.7,0.587,0.54,F,FR
Scottie Lewis,165,CHA,2,56,2021,Florida,2020-21,Florida,21,9,25.6,2.7,6.1,2.0,4.0,0.7,2.1,1.8,2.6,0.8,2.3,3.1,1.5,1.6,1.0,1.9,2.5,7.9,0.445,0.512,0.318,0.673,0.535,0.5,G,SO
Jalen Johnson,146,ATL,1,20,2021,Duke,2020-21,Duke,13,8,21.4,4.4,8.4,3.8,7.0,0.6,1.4,1.8,2.9,1.5,4.5,6.1,2.2,1.2,1.2,2.5,2.2,11.2,0.523,0.538,0.444,0.632,0.575,0.56,F,FR
